﻿<?xml version="1.0" encoding="UTF-8"?>
<prefab>
  <property name="CopyAirBlocks" value="True" />
  <property name="ExcludeDistantPOIMesh" value="False" />
  <property name="ExcludePOICulling" value="True" />
  <property name="DistantPOIYOffset" value="0" />
  <property name="AllowTopSoilDecorations" value="False" />
  <property name="QuestTags" value="trader" />
  <property name="DifficultyTier" value="1" />
  <property name="ShowQuestClearCount" value="1" />
  <property name="TraderArea" value="True" />
  <property name="TraderAreaProtect" value="20,0,20" />
  <property name="TraderAreaTeleportSize" value="45, 17, 49" />
  <property name="TraderAreaTeleportCenter" value="0, 0, 0" />
  <property name="PrefabSize" value="45, 17, 49" />
  <property name="RotationToFaceNorth" value="2" />
  <property name="Zoning" value="none" />
  <property name="Tags" value="gateway,trader" />
  <property name="ThemeTags" value="trader" />
  <property name="YOffset" value="-1" />
  <property class="Stats">
    <property name="TotalVertices" value="548598" />
    <property name="TotalTriangles" value="571051" />
    <property class="BlockEntities">
      <property name="Vertices" value="477091" />
      <property name="Triangles" value="514063" />
    </property>
    <property class="ChunkMeshes0">
      <property name="Vertices" value="48592" />
      <property name="Triangles" value="30852" />
    </property>
    <property class="ChunkMeshes1">
      <property name="Vertices" value="0" />
      <property name="Triangles" value="0" />
    </property>
    <property class="ChunkMeshes2">
      <property name="Vertices" value="96" />
      <property name="Triangles" value="48" />
    </property>
    <property class="ChunkMeshes3">
      <property name="Vertices" value="0" />
      <property name="Triangles" value="0" />
    </property>
    <property class="ChunkMeshes4">
      <property name="Vertices" value="4479" />
      <property name="Triangles" value="3688" />
    </property>
    <property class="ChunkMeshes5">
      <property name="Vertices" value="32" />
      <property name="Triangles" value="16" />
    </property>
    <property class="ChunkMeshes6">
      <property name="Vertices" value="0" />
      <property name="Triangles" value="0" />
    </property>
    <property class="ChunkMeshes7">
      <property name="Vertices" value="7368" />
      <property name="Triangles" value="12012" />
    </property>
    <property class="ChunkMeshes8">
      <property name="Vertices" value="10916" />
      <property name="Triangles" value="10360" />
    </property>
    <property class="ChunkMeshes9">
      <property name="Vertices" value="24" />
      <property name="Triangles" value="12" />
    </property>
  </property>
  <property class="IndexedBlockOffsets">
    <property class="TraderOnOff">
      <property name="0" value="22, 3, 1" />
      <property name="1" value="25, 6, 2" />
      <property name="2" value="22, 1, 3" />
    </property>
    <property class="POILight">
      <property name="0" value="39, 2, 40" />
    </property>
    <property class="Trader">
      <property name="0" value="22, 1, 33" />
    </property>
    <property class="quest_feather">
      <property name="0" value="38, 1, 25" />
    </property>
  </property>
</prefab>