<config>
	<append xpath="/archetypes">

		<archetype name="npcUMAGuardOakraven" male="true" hair_color="0, 0, 0" eye_color="0,20,130" skin_color="150,140,130" type="Player" stance="Like" voice_set="trader">
		<base_mesh_parts>
			<part slot="head" layer="base" mesh="male_base_face">
				<texture name="male_head" color="skin"/>
			</part>
			<part slot="head" layer="inner" mesh="unisex_hair_dreads">
				<texture name="unisex_hair_dreads" color="hair" />
			</part>			
			<part slot="head" layer="outer" mesh="unisex_armor_cloth_hood" >
				<texture name="unisex_armor_cloth_hood" color="30,30,30" />
			</part>			
			<part slot="eyes" layer="base" mesh="male_base_eyes">
				<texture name="unisex_eye_shaded" color="255,255,255"/>
				<texture name="unisex_iris" color="eye"/>
			</part>
			<part slot="hands" layer="base" mesh="male_base_hands">
				<texture name="male_hands" color="skin"/>
			</part>
			<part slot="hands" layer="inner" mesh="male_armor_hazmat_hands">
				<texture name="male_armor_hazmat_gloves" color="0,0,0"/>
			</part>	
			<part slot="chest" layer="base" mesh="male_base_chest">
				<texture name="male_torso" color="skin"/>
				<texture name="male_tanktop" color="0,0,0"/>
			</part>
			<part slot="chest" layer="inner" mesh="female_clothes_army_shirt">
				<texture name="unisex_clothes_army_shirt" color="0,0,0"/>
			</part>			
			<part slot="chest" layer="outer" mesh="unisex_ghillie_suit_shirt">
				<texture name="unisex_ghillie_suit" color="0,0,0"/>
			</part>
			<part slot="legs" layer="base" mesh="male_clothes_army_pants">
				<texture name="unisex_clothes_army_pants" color="0,0,0"/>
			</part>
			<part slot="legs" layer="outer" mesh="ghillie_suit_pants">
				<texture name="unisex_ghillie_suit" color="0,0,0"/>
			</part>
			<part slot="feet" layer="base" mesh="armor_heavy_bandit_feet">
				<texture name="unisex_bandit_armor" color="0,0,0"/>
			</part>
		</base_mesh_parts>
		<preview_mesh_parts>		
		</preview_mesh_parts>
		<expression blink="true" blink_duration="0.15" blink_min_delay="5" blink_max_delay="15" saccades="true">
			<gene name="neckUp_Down" value="0"/>
			<gene name="neckLeft_Right" value="0"/>
			<gene name="neckTiltLeft_Right" value="0"/>
			<gene name="headUp_Down" value="0"/>
			<gene name="headLeft_Right" value="0"/>
			<gene name="headTiltLeft_Right" value="0"/>
			<gene name="jawOpen_Close" value="0"/>
			<gene name="jawForward_Back" value="0"/>
			<gene name="jawLeft_Right" value="0"/>
			<gene name="mouthLeft_Right" value="0"/>
			<gene name="mouthUp_Down" value="0"/>
			<gene name="mouthNarrow_Pucker" value="0"/>
			<gene name="tongueOut" value="0"/>
			<gene name="tongueCurl" value="0"/>
			<gene name="tongueUp_Down" value="0"/>
			<gene name="tongueLeft_Right" value="0"/>
			<gene name="tongueWide_Narrow" value="0"/>
			<gene name="leftMouthSmile_Frown" value="-0.383"/>
			<gene name="rightMouthSmile_Frown" value="-0.383"/>
			<gene name="leftLowerLipUp_Down" value="0"/>
			<gene name="rightLowerLipUp_Down" value="0"/>
			<gene name="leftUpperLipUp_Down" value="0"/>
			<gene name="rightUpperLipUp_Down" value="0"/>
			<gene name="leftCheekPuff_Squint" value="0"/>
			<gene name="rightCheekPuff_Squint" value="0"/>
			<gene name="noseSneer" value="0"/>
			<gene name="leftEyeOpen_Close" value="0"/>
			<gene name="rightEyeOpen_Close" value="0"/>
			<gene name="leftEyeUp_Down" value="0"/>
			<gene name="rightEyeUp_Down" value="0"/>
			<gene name="leftEyeIn_Out" value="0"/>
			<gene name="rightEyeIn_Out" value="0"/>
			<gene name="browsIn" value="0"/>
			<gene name="leftBrowUp_Down" value="0.23"/>
			<gene name="rightBrowUp_Down" value="0.23"/>
			<gene name="midBrowUp_Down" value="-0.774"/>
		</expression>
		<dna>
			<gene name="height" value="0.89"/>
			<gene name="headSize" value="0.5"/>
			<gene name="headWidth" value="0.5"/>
			<gene name="handsSize" value="0.69"/>
			<gene name="feetSize" value="0.47"/>
			<gene name="muscle" value="0.86"/>
			<gene name="weight" value="0.505"/>
			<gene name="gluteusSize" value="0.5"/>
			<gene name="earsSize" value="0.5"/>
			<gene name="earsPosition" value="0.5"/>
			<gene name="earsRotation" value="0.5"/>
			<gene name="noseSize" value="0.5"/>
			<gene name="noseCurve" value="0.5"/>
			<gene name="noseWidth" value="0.5"/>
			<gene name="noseInclination" value="0.125"/>
			<gene name="nosePosition" value="0.595"/>
			<gene name="nosePronounced" value="0.64"/>
			<gene name="noseFlatten" value="0.795"/>
			<gene name="chinSize" value="0.23"/>
			<gene name="chinPronounced" value="0"/>
			<gene name="chinPosition" value="0.005"/>
			<gene name="mandibleSize" value="0.59"/>
			<gene name="jawsSize" value="0"/>
			<gene name="jawsPosition" value="0.76"/>
			<gene name="cheekSize" value="0.315"/>
			<gene name="cheekPosition" value="0.08"/>
			<gene name="lowCheekPronounced" value="0.08"/>
			<gene name="lowCheekPosition" value="0.995"/>
			<gene name="foreheadSize" value="0.01"/>
			<gene name="foreheadPosition" value="0.45"/>
			<gene name="lipsSize" value="0.205"/>
			<gene name="mouthSize" value="0.5"/>
			<gene name="eyeRotation" value="0.985"/>
			<gene name="eyeSize" value="0.05"/>
			<gene name="breastSize" value="0.5"/>
		</dna>
	</archetype>
	
		<archetype name="npcUMAGuardBlueSlasher" male="true" hair_color="85,70,60" eye_color="8,248,246" skin_color="255,100,100" type="Player" stance="Like" voice_set="trader">
		<base_mesh_parts>
			<part slot="head" layer="base" mesh="male_base_face">
				<texture name="male_head_zombie" color="210,160,170"/>
				<texture name="unisex_light_skin_overlay" color="255,100,100"/>
			</part>
			<part slot="head" layer="outer" mesh="gear_cowboyhat">
				<texture name="gear_cowboyhat" color="0,0,0"/>
			</part>
			<part slot="eyes" layer="base" mesh="male_base_eyes">
				<texture name="unisex_eye_shaded" color="255,255,255"/>
				<texture name="unisex_iris" color="eye"/>
			</part>			
			<part slot="hands" layer="inner" mesh="armor_iron_gloves">
				<texture name="armor_iron_gloves" color="0,0,0"/>
				<texture name="male_hands" color="15,0,85"/>
				<texture name="unisex_light_skin_overlay" color="0,0,0"/>
			</part>
			<part slot="chest" layer="base" mesh="male_base_chest">
				<texture name="male_torso" color="255,100,100"/>
				<texture name="male_tshirt" color="15,0,85"/>
			</part>
			<part slot="legs" layer="base" mesh="male_clothes_army_pants">
				<texture name="unisex_clothes_army_pants" color="0,0,0"/>
			</part>
			<part slot="feet" layer="base" mesh="male_running_shoes">
				<texture name="unisex_running_shoes" color="0,0,0"/>
			</part>
		</base_mesh_parts>
		<preview_mesh_parts>
		</preview_mesh_parts>
		<expression blink="true" blink_duration="0.15" blink_min_delay="5" blink_max_delay="15" saccades="true">
			<gene name="neckUp_Down" value="0"/>
			<gene name="neckLeft_Right" value="0"/>
			<gene name="neckTiltLeft_Right" value="0"/>
			<gene name="headUp_Down" value="0"/>
			<gene name="headLeft_Right" value="0"/>
			<gene name="headTiltLeft_Right" value="0"/>
			<gene name="jawOpen_Close" value="0"/>
			<gene name="jawForward_Back" value="0"/>
			<gene name="jawLeft_Right" value="0"/>
			<gene name="mouthLeft_Right" value="0"/>
			<gene name="mouthUp_Down" value="0"/>
			<gene name="mouthNarrow_Pucker" value="0"/>
			<gene name="tongueOut" value="0"/>
			<gene name="tongueCurl" value="0"/>
			<gene name="tongueUp_Down" value="0"/>
			<gene name="tongueLeft_Right" value="0"/>
			<gene name="tongueWide_Narrow" value="0"/>
			<gene name="leftMouthSmile_Frown" value="0"/>
			<gene name="rightMouthSmile_Frown" value="0"/>
			<gene name="leftLowerLipUp_Down" value="0"/>
			<gene name="rightLowerLipUp_Down" value="0"/>
			<gene name="leftUpperLipUp_Down" value="0"/>
			<gene name="rightUpperLipUp_Down" value="0"/>
			<gene name="leftCheekPuff_Squint" value="0"/>
			<gene name="rightCheekPuff_Squint" value="0"/>
			<gene name="noseSneer" value="0"/>
			<gene name="leftEyeOpen_Close" value="0"/>
			<gene name="rightEyeOpen_Close" value="0"/>
			<gene name="leftEyeUp_Down" value="0"/>
			<gene name="rightEyeUp_Down" value="0"/>
			<gene name="leftEyeIn_Out" value="0"/>
			<gene name="rightEyeIn_Out" value="0"/>
			<gene name="browsIn" value="0"/>
			<gene name="leftBrowUp_Down" value="0"/>
			<gene name="rightBrowUp_Down" value="0"/>
			<gene name="midBrowUp_Down" value="0"/>
		</expression>
		<dna>
			<gene name="height" value="1.77"/>
			<gene name="headSize" value="0"/>
			<gene name="headWidth" value="0"/>
			<gene name="handsSize" value="1"/>
			<gene name="feetSize" value="1.5"/>
			<gene name="muscle" value="0"/>
			<gene name="weight" value="0"/>
			<gene name="gluteusSize" value="0.5"/>
			<gene name="earsSize" value="0.8"/>
			<gene name="earsPosition" value="0.3"/>
			<gene name="earsRotation" value="0.5"/>
			<gene name="noseSize" value="0.6"/>
			<gene name="noseCurve" value="0.55"/>
			<gene name="noseWidth" value="0.55"/>
			<gene name="noseInclination" value="0.2"/>
			<gene name="nosePosition" value="0"/>
			<gene name="nosePronounced" value="0.5"/>
			<gene name="noseFlatten" value="0.6"/>
			<gene name="chinSize" value="0.35"/>
			<gene name="chinPronounced" value="0.6"/>
			<gene name="chinPosition" value="0.6"/>
			<gene name="mandibleSize" value="0.3"/>
			<gene name="jawsSize" value="0.625"/>
			<gene name="jawsPosition" value="0"/>
			<gene name="cheekSize" value="0.1"/>
			<gene name="cheekPosition" value="1"/>
			<gene name="lowCheekPronounced" value="0.6"/>
			<gene name="lowCheekPosition" value="0"/>
			<gene name="foreheadSize" value="0"/>
			<gene name="foreheadPosition" value="0"/>
			<gene name="lipsSize" value="0"/>
			<gene name="mouthSize" value="0.2"/>
			<gene name="eyeRotation" value="0.3"/>
			<gene name="eyeSize" value="1"/>
			<gene name="breastSize" value="0"/>
		</dna>
	</archetype>	

		<archetype name="zombieUMARedSlasher" male="true" hair_color="85,70,60" eye_color="85,15,0" skin_color="255,100,100" type="Player" stance="Like" voice_set="trader">
		<base_mesh_parts>
			<part slot="head" layer="base" mesh="male_base_face">
				<texture name="male_head_zombie" color="210,160,170"/>
				<texture name="unisex_light_skin_overlay" color="255,100,100"/>
			</part>
			<part slot="head" layer="outer" mesh="gear_cowboyhat">
				<texture name="gear_cowboyhat" color="0,0,0"/>
			</part>
			<part slot="eyes" layer="base" mesh="male_base_eyes">
				<texture name="unisex_eye_shaded" color="255,255,255"/>
				<texture name="unisex_iris" color="eye"/>
			</part>			
			<part slot="hands" layer="inner" mesh="armor_iron_gloves">
				<texture name="armor_iron_gloves" color="0,0,0"/>
				<texture name="male_hands" color="85,15,0"/>
				<texture name="unisex_light_skin_overlay" color="0,0,0"/>
			</part>
			<part slot="chest" layer="base" mesh="male_base_chest">
				<texture name="male_torso" color="255,100,100"/>
				<texture name="male_tshirt" color="85,15,0"/>
			</part>
			<part slot="legs" layer="base" mesh="male_clothes_army_pants">
				<texture name="unisex_clothes_army_pants" color="0,0,0"/>
			</part>
			<part slot="feet" layer="base" mesh="male_running_shoes">
				<texture name="unisex_running_shoes" color="0,0,0"/>
			</part>
		</base_mesh_parts>
		<preview_mesh_parts>
		</preview_mesh_parts>
		<expression blink="true" blink_duration="0.15" blink_min_delay="5" blink_max_delay="15" saccades="true">
			<gene name="neckUp_Down" value="0"/>
			<gene name="neckLeft_Right" value="0"/>
			<gene name="neckTiltLeft_Right" value="0"/>
			<gene name="headUp_Down" value="0"/>
			<gene name="headLeft_Right" value="0"/>
			<gene name="headTiltLeft_Right" value="0"/>
			<gene name="jawOpen_Close" value="0"/>
			<gene name="jawForward_Back" value="0"/>
			<gene name="jawLeft_Right" value="0"/>
			<gene name="mouthLeft_Right" value="0"/>
			<gene name="mouthUp_Down" value="0"/>
			<gene name="mouthNarrow_Pucker" value="0"/>
			<gene name="tongueOut" value="0"/>
			<gene name="tongueCurl" value="0"/>
			<gene name="tongueUp_Down" value="0"/>
			<gene name="tongueLeft_Right" value="0"/>
			<gene name="tongueWide_Narrow" value="0"/>
			<gene name="leftMouthSmile_Frown" value="0"/>
			<gene name="rightMouthSmile_Frown" value="0"/>
			<gene name="leftLowerLipUp_Down" value="0"/>
			<gene name="rightLowerLipUp_Down" value="0"/>
			<gene name="leftUpperLipUp_Down" value="0"/>
			<gene name="rightUpperLipUp_Down" value="0"/>
			<gene name="leftCheekPuff_Squint" value="0"/>
			<gene name="rightCheekPuff_Squint" value="0"/>
			<gene name="noseSneer" value="0"/>
			<gene name="leftEyeOpen_Close" value="0"/>
			<gene name="rightEyeOpen_Close" value="0"/>
			<gene name="leftEyeUp_Down" value="0"/>
			<gene name="rightEyeUp_Down" value="0"/>
			<gene name="leftEyeIn_Out" value="0"/>
			<gene name="rightEyeIn_Out" value="0"/>
			<gene name="browsIn" value="0"/>
			<gene name="leftBrowUp_Down" value="0"/>
			<gene name="rightBrowUp_Down" value="0"/>
			<gene name="midBrowUp_Down" value="0"/>
		</expression>
		<dna>
			<gene name="height" value="1.77"/>
			<gene name="headSize" value="0"/>
			<gene name="headWidth" value="0"/>
			<gene name="handsSize" value="1"/>
			<gene name="feetSize" value="1.5"/>
			<gene name="muscle" value="0"/>
			<gene name="weight" value="0"/>
			<gene name="gluteusSize" value="0.5"/>
			<gene name="earsSize" value="0.8"/>
			<gene name="earsPosition" value="0.3"/>
			<gene name="earsRotation" value="0.5"/>
			<gene name="noseSize" value="0.6"/>
			<gene name="noseCurve" value="0.55"/>
			<gene name="noseWidth" value="0.55"/>
			<gene name="noseInclination" value="0.2"/>
			<gene name="nosePosition" value="0"/>
			<gene name="nosePronounced" value="0.5"/>
			<gene name="noseFlatten" value="0.6"/>
			<gene name="chinSize" value="0.35"/>
			<gene name="chinPronounced" value="0.6"/>
			<gene name="chinPosition" value="0.6"/>
			<gene name="mandibleSize" value="0.3"/>
			<gene name="jawsSize" value="0.625"/>
			<gene name="jawsPosition" value="0"/>
			<gene name="cheekSize" value="0.1"/>
			<gene name="cheekPosition" value="1"/>
			<gene name="lowCheekPronounced" value="0.6"/>
			<gene name="lowCheekPosition" value="0"/>
			<gene name="foreheadSize" value="0"/>
			<gene name="foreheadPosition" value="0"/>
			<gene name="lipsSize" value="0"/>
			<gene name="mouthSize" value="0.2"/>
			<gene name="eyeRotation" value="0.3"/>
			<gene name="eyeSize" value="1"/>
			<gene name="breastSize" value="0"/>
		</dna>
	</archetype>	
	
	</append>
</config>
