<configs>
	<append xpath="/items">
	
<!-- Errands -->
	
	<item name="noteCollectHoneyErrand">
		<property name="Extends" value="questMaster"/>
		<property name="CreativeMode" value="None"/>
		<property name="CustomIconTint" value="255,170,0"/>
		<property name="DescriptionKey" value="noteCollectHoneyErrandDesc"/>
		<property name="CustomIcon" value="challengeQuestMaster"/>
		<property name="EconomicValue" value="0"/>		
		<property class="Action0">
			<property name="Class" value="Quest"/>
			<property name="QuestGiven" value="questCollectHoneyErrand"/>
			<property name="Delay" value="1"/>
		</property>		
	</item>
	<item name="noteCollectEggsErrand">
		<property name="Extends" value="questMaster"/>
		<property name="CreativeMode" value="None"/>
		<property name="CustomIconTint" value="255,255,50"/>		
		<property name="DescriptionKey" value="noteCollectEggsErrandDesc"/>
		<property name="CustomIcon" value="challengeQuestMaster"/>
		<property name="EconomicValue" value="0"/>		
		<property class="Action0">
			<property name="Class" value="Quest"/>
			<property name="QuestGiven" value="questCollectEggsErrand"/>
			<property name="Delay" value="1"/>
		</property>		
	</item>
	
<!-- Food -->

	<item name="foodBakersRoastChicken">
		<property name="Tags" value="food"/>
		<property name="HoldType" value="31"/>
		<property name="DisplayType" value="food"/>
		<property name="CustomIcon" value="sleeperChickenAnimal"/>
		<property name="DescriptionKey" value="foodBakersRoastChickenDesc"/>		
		<property name="Meshfile" value="#Other/Items?Misc/parcelPrefab.prefab"/>
		<property name="DropMeshfile" value="#Other/Items?Misc/sack_droppedPrefab.prefab"/>
		<property name="Material" value="Morganic"/>
		<property name="Stacknumber" value="10"/> <!-- STK food -->
		<property name="EconomicValue" value="60"/>
		<property class="Action0">
			<property name="Class" value="Eat"/>
			<property name="Delay" value="2.1"/>
			<property name="Use_time" value="..."/>
			<property name="Sound_start" value="player_eating"/>
		</property>
		<property name="Group" value="Food/Cooking,CFFood/Cooking"/>

		<effect_group tiered="false" name="Food Tier 1">
			<triggered_effect trigger="onSelfPrimaryActionEnd" action="ModifyCVar" cvar="$foodAmountAdd" operation="add" value="20"/>
			<triggered_effect trigger="onSelfPrimaryActionEnd" action="ModifyCVar" cvar="foodHealthAmount" operation="add" value="15"/>
			<triggered_effect trigger="onSelfPrimaryActionEnd" action="ModifyCVar" cvar=".foodStaminaBonusAdd" operation="add" value="15"/>
			<triggered_effect trigger="onSelfPrimaryActionEnd" action="AddBuff" buff="buffProcessConsumables"/>
		</effect_group>
	</item>	
	
	</append>
</configs>
