<configs>

<append xpath="/traders" >

	<!-- Trader Rekt template for the Baker, id=8, carries more food, seeds farming stuff. 10% increase on min/max inventory/items swapped to reflect Errands -->
	<trader_info id="51" full_reset="true" min_inventory="33" max_inventory="77" min_items_swapped="22" max_items_swapped="22"
		reset_interval="3" open_time="4:05" close_time="19:50">
		<trader_items count="all">
			<item group="seeds" count="1,2" />
			<item group="cannedfood" count="3,6"/>
			<item group="traderAlways"/>
			<item group="traderGeneral" count="4,8"/>
			<item group="generalResources" count="9,14"/>
			<item group="constructionSupplies" count="2,8"/>
			<item group="decorativeBlocks" count="2,7"/>
			<item group="tools" count="1,2"/>
			<item group="weaponsMeleeT0-1" count="1"/>
			<item group="weaponsGunsT1" count="1"/>
			<item group="weaponsGunParts" count="1"/>
			<item group="clothes" count="1,4"/>
			<item group="groupArmorLightMixed" count="1,2"/>
			<item group="groupArmorHeavyMixed" count="1,2"/>
			<item group="traderElectrical" count="1,2"/>
			<item group="modAllT1SecretStash" count="1,2"/>
			<item name="noteCollectHoneyErrand" count="1"/>
			<item name="noteCollectEggsErrand" count="1"/>
			<item name="foodBakersRoastChicken" count="1"/>						
		</trader_items>

		<tier_items level="1,499" count="all"> <!-- requires Perk 0 -->
			<!-- Bug: The count is overridden by "all" anyway so all probabilities are =1 -->
			<item group="tools" count="1"/>
			<item group="weaponsGunsMixed" count="1,2"/>
			<item group="weaponsGunParts" count="1"/>
			<item group="ammo" count="1,2"/>
			<item group="groupArmorLightMixed" count="1"/>
			<item group="groupArmorHeavyMixed" count="1"/>
			<item group="commonBooks" count="1,2"/>
			<item group="rareBooks" count="1"/>
			<item group="perkBooks" count="1"/>
			<item group="modMeleeT1"/>
			<item group="modAllT2SecretStash" count="1,2"/>
			<item group="vehiclePartsT0" count="1"/>
			<item name="drinkJarGrandpasForgettingElixir" count="1"/>
		</tier_items>

		<tier_items level="3000,3999" count="all"> <!-- requires Perk 3 -->
			<!-- Bug: The count is overridden by "all" anyway so all probabilities are =1 -->
			<item group="traderElectrical" count="2,3"/>
			<item name="cntVendingMachine" count="1"/>
			<item group="tools" count="1"/>
			<item group="rareTools" count="1"/>
			<item group="weaponsMeleeMixed" count="1"/>
			<item group="weaponsGunsMixed" count="1,2"/>
			<item group="ammo" count="2,5"/>
			<item group="groupArmorHeavyMixed" count="1,2"/>
			<item group="groupArmorLightMixed" count="1,2"/>
			<item group="commonBooks" count="2,3"/>
			<item group="rareBooks" count="1,2"/>
			<item group="perkBooks" count="1,2"/>
			<item group="vehiclePartsMixed" count="1,2"/>
			<item group="stashOnlyItemsLow" count="1,2"/>
			<item group="modAllT3SecretStash" count="1,2"/>
			<item name="drinkJarGrandpasForgettingElixir" count="1"/>
		</tier_items>

		<tier_items level="4000,4999" count="all"> <!-- requires Perk 4 -->
			<item group="traderElectrical" count="2,3"/>
			<item name="cntVendingMachine" count="1"/>
			<item group="tools" count="1,2"/>
			<item group="rareTools" count="1,2"/>
			<item group="weaponsMeleeMixed" count="2,3"/>
			<item group="weaponsGunsMixed" count="2,3"/>
			<item group="ammo" count="3,6"/>
			<item group="groupArmorHeavyT2" count="1,2"/>
			<item group="groupArmorLightT2" count="1,2"/>
			<item group="commonBooks" count="3,4"/>
			<item group="rareBooks" count="2"/>
			<item group="perkBooks" count="2"/>
			<item name="armorMiningHelmet" quality="3,4" mods="modArmorHelmetLight" mod_chance="1"/>
			<item group="vehiclePartsMixed" count="1,3"/>
			<item group="stashOnlyItemsHigh" count="2,3"/>
			<item group="weaponsGunsT3" count="1,2"/>
			<item group="modAllT4SecretStash" count="1,2"/>
			<item name="drinkJarGrandpasForgettingElixir" count="1"/>
		</tier_items>

		<tier_items level="5000,-1" count="all"> <!-- requires Perk 5 -->
			<item group="traderElectrical" count="3,5"/>
			<item group="tools" count="1,2"/>
			<item group="rareTools" count="3,4"/>
			<item name="cntVendingMachine" count="2"/>
			<item group="weaponsMeleeMixed" count="2,3"/>
			<item group="weaponsGunsMixed" count="2,3"/>
			<item group="weaponsGunsT2" count="1"/>
			<item group="ammo" count="5,8"/>
			<item group="groupArmorHeavyT2" count="2,3"/>
			<item group="groupArmorLightT2" count="2,3"/>
			<item group="commonBooks" count="4,5"/>
			<item group="rareBooks" count="2,3"/>
			<item group="perkBooks" count="2,3"/>
			<item name="armorMiningHelmet" quality="3,5" mods="modArmorHelmetLight" mod_chance="1"/>
			<item group="vehiclePartsMixed" count="2,3"/>
			<item name="apparelNightvisionGoggles" count="1"/>
			<item name="solarbank" count="1"/>
			<item name="solarCell" count="1,3" quality="3,6"/>
			<item group="stashOnlyItemsHigh" count="3,4"/>
			<item group="weaponsGunsT3QL5" count="1,2"/>
			<item group="modAllT5SecretStash" count="1,4"/>
			<item name="drinkJarGrandpasForgettingElixir" count="1"/>
		</tier_items>
	</trader_info>
		
	</append>
</configs> 