<configs>

	<append xpath="/buffs/buff[@name='buffStatusCheck01']/effect_group">
		<triggered_effect trigger="onSelfBuffUpdate" action="AddBuff" buff="SpiderRiderVehicle-2-NPCXSpiderPackChecker">
			<requirement name="NotHasBuff" buff="SpiderRiderVehicle-2-NPCXSpiderPackChecker"/>
		</triggered_effect>
	</append>
	
	<append xpath="/buffs">
		<buff name="SpiderRiderVehicle-2-NPCXSpiderPackChecker" hidden="true">
			<stack_type value="replace"/>
			<duration value="500"/>
			<update_rate value=".1"/>
			<effect_group>
				<triggered_effect trigger="onSelfBuffUpdate" action="AddBuff" target="selfAOE" range="100" buff="vehicleSpiderRider-2-NPCXSpiderPackCheck">
					<requirement name="EntityTagCompare" target="other" tags="vehiclespiderrider-2-npcxspiderpack"/>
					<requirement name="NotHasBuff" target="other" buff="vehicleSpiderRider-2-NPCXSpiderPackCheck"/>
				</triggered_effect>
			</effect_group>				
		</buff>		

		<buff name="vehicleSpiderRider-2-NPCXSpiderPackCheck" hidden="true">	
			<stack_type value="ignore"/>			
			<effect_group>
				<triggered_effect trigger="onSelfBuffStart" action="AttachPrefabToEntity" prefab="#Entities/LootContainers?weapon_bags_largePrefab.prefab" local_offset="0.05,.5,-0.85" local_rotation="0,0,0" parent_transform="Origin"/>
				<triggered_effect trigger="onSelfBuffStart" action="AttachPrefabToEntity" prefab="#@modfolder(1-NPCXSpiderPack):Resources/XythSpiders.unity3d?Spider02_X" local_offset="0,0.3,0.1" local_rotation="-20,0,0" parent_transform="Physics"/>				
			
				<triggered_effect trigger="onSelfBuffUpdate" action="AddBuff" target="selfAOE" range="1.2" buff="buffInjuryKnockdown01">
					<requirement name="EntityTagCompare" target="other" tags="zombie,enemy"/>
				</triggered_effect>
			</effect_group>
		</buff>		
		
	</append>

</configs>