<configs>

	<append xpath="/items">

<item name="vehicleSpiderRider-2-NPCXSpiderPackChassis">
	<property name="Extends" value="vehicleWheels"/>
	<property name="CustomIcon" value="vehicleMinibikeChassis"/>	
	<property name="EconomicValue" value="1800"/>
	<property name="UnlockedBy" value="perkGreaseMonkey,vehicleSpiderRider-2-NPCXSpiderPackChassisSchematic"/>
</item>

<item name="vehicleSpiderRider-2-NPCXSpiderPackHandlebars">
	<property name="Extends" value="vehicleWheels"/>
	<property name="CustomIcon" value="vehicleMinibikeHandlebars"/>	
	<property name="EconomicValue" value="1800"/>
	<property name="UnlockedBy" value="perkGreaseMonkey,vehicleSpiderRider-2-NPCXSpiderPackHandlebarsSchematic"/>
</item>

<item name="vehicleSpiderRider-2-NPCXSpiderPackPlaceable">
	<property name="Extends" value="vehicleMinibikePlaceable"/> <!-- arramus -->
	<property name="Tags" value="vehicle,vengine,vfuel,vlight,vseat,canHaveCosmetic"/>
	<property name="CustomIcon" value="vehicleSpiderRider-2-NPCXSpiderPackPlaceable"/>
	<property name="Meshfile" value="#Entities/Vehicles?minibike_Prefab.prefab"/>
	<property name="EconomicValue" value="6000"/>
	<property name="SellableToTrader" value="false"/>
	<property name="Group" value="Science"/>
	<property class="Action1">
		<property name="Class" value="SpawnVehicle"/>
		<property name="Vehicle" value="vehicleSpiderRider-2-NPCXSpiderPack"/>
	</property>
	<effect_group name="vehicleMinibikePlaceable" tiered="false">
		<passive_effect name="ModSlots" operation="base_set" value="3"/>
		<passive_effect name="ModPowerBonus" operation="base_add" value="300" tags="EconomicValue"/>
		<passive_effect name="DegradationMax" operation="base_set" value="3000"/>
	</effect_group>
</item>

<item name="vehicleSpiderRider-2-NPCXSpiderPackChassisSchematic">
	<property name="Extends" value="schematicNoQualityMaster"/>
	<property name="CreativeMode" value="Player"/>
	<property name="CustomIcon" value="vehicleMinibikeChassis"/>
	<property name="Unlocks" value="vehicleSpiderRider-2-NPCXSpiderPackChassis"/>
	<effect_group tiered="false">
		<triggered_effect trigger="onSelfPrimaryActionEnd" action="ModifyCVar" cvar="vehicleSpiderRider-2-NPCXSpiderPackChassis" operation="set" value="1"/>
		<triggered_effect trigger="onSelfPrimaryActionEnd" action="ModifyCVar" cvar="vehicleWheels" operation="set" value="1"/>
		<triggered_effect trigger="onSelfPrimaryActionEnd" action="GiveExp" exp="50"/>
	</effect_group>
</item>

<item name="vehicleSpiderRider-2-NPCXSpiderPackHandlebarsSchematic">
	<property name="Extends" value="schematicNoQualityMaster"/>
	<property name="CreativeMode" value="Player"/>
	<property name="CustomIcon" value="vehicleMinibikeHandlebars"/>
	<property name="Unlocks" value="vehicleSpiderRider-2-NPCXSpiderPackHandlebars"/>
	<effect_group tiered="false">
		<triggered_effect trigger="onSelfPrimaryActionEnd" action="ModifyCVar" cvar="vehicleSpiderRider-2-NPCXSpiderPackHandlebars" operation="set" value="1"/>
		<triggered_effect trigger="onSelfPrimaryActionEnd" action="ModifyCVar" cvar="vehicleWheels" operation="set" value="1"/>
		<triggered_effect trigger="onSelfPrimaryActionEnd" action="GiveExp" exp="50"/>
	</effect_group>
</item>	
		
	</append>
	
</configs>