<configs>

	<append xpath="/vehicles">
		
	<vehicle name="vehicleSpiderRider-2-NPCXSpiderPack"> <!-- arramus -->

		<property name="cameraDistance" value="3, 4.5"/>
		<property name="cameraTurnRate" value=".2, .35"/>
		<property name="motorTorqueMinQ" value="1000"/>
		<property name="motorTorqueMaxQ" value="1000"/>
		<property name="brakeTorque" value="4000"/>
		<property name="upAngleMax" value="70"/>
		<property name="upForce" value="1"/>
		<property name="steerRate" value="130"/>
		<property name="steerCenteringRate" value="90"/>
		<property name="tiltAngleMax" value="20"/>
		<property name="tiltThreshold" value="3"/>
		<property name="tiltDampening" value=".22"/>
		<property name="tiltDampenThreshold" value="8"/>
		<property name="tiltUpForce" value="5"/>
		<property name="hopForce" value="4.5, .1"/>
		<property name="unstickForce" value="1"/>		
		<property name="velocityMax" value="9, 13"/>
		<property name="waterDrag_y_velScale_velMaxScale" value="1.5, .9, .15"/>
		<property name="wheelPtlScale" value=".6"/>

		<property name="hornSound" value="animalspiderrandom"/>

		<property class="chassis">
			<property name="class" value="Chassis"/>
			<property name="slot_type" value="chassis"/>
			<property name="mesh" value="chassis"/>
			<property name="transform" value="Origin"/>
			<property name="paint" value="chassis"/>
		</property>

		<property class="handlebars">
			<property name="class" value="Steering"/>
			<property name="slot_type" value="handlebars"/>
			<property name="mesh" value="handlebar"/>
			<property name="transform" value="Origin/handlebar_joint"/>
			<property name="IKHandLPosition" value="-0.3205, 0.4422, -0.0433"/>
			<property name="IKHandLRotation" value="62.50001, -26.92984, -12.41"/>
			<property name="IKHandRPosition" value="0.3205, 0.4422, -0.0433"/>
			<property name="IKHandRRotation" value="52.90001, 8.37004, 6.400046"/>
			<property name="paint" value="handlebar"/>
		</property>

		<property class="seat0">
			<property name="position" value="0, 0, -.11"/>
			<property name="rotation" value="0, 0, 0"/>
			<property name="exit" value="-.8,0,0 ~ .8,0,0 ~ 0,0,-1.2 ~ 0,0,1.2 ~ 0,1.3,0"/>
		</property>

		<property class="seat1">
			<property name="class" value="Seat"/>
			<property name="position" value="0, .05, -.4"/>
			<property name="rotation" value="-1, 0, 0"/>
			<property name="exit" value="-.8,0,-.7 ~ .8,0,-.7 ~ -.6,0,-1.2 ~ -.6,0,1.2 ~ 0,1.3,-.6"/>
			<property name="mod" value="1"/>
			<property name="IKHandLPosition" value="-.27, .87, .14"/>
			<property name="IKHandLRotation" value="41, -30, 18"/>
			<property name="IKHandRPosition" value=".27, .87, .14"/>
			<property name="IKHandRRotation" value="41, 30, -18"/>
		</property>

		<property class="wheel0">
			<property name="steerTransform" value="Origin/handlebar_joint"/>
			<property name="tireTransform" value="Origin/handlebar_joint/frontWheel_joint"/>
			<property name="torqueScale_motor_brake" value=".15, .5"/>
		</property>

		<property class="wheel1">
			<property name="tireTransform" value="Origin/backWheelJoint"/>
			<property name="torqueScale_motor_brake" value="1, 1"/>
		</property>

		<property class="battery">
			<property name="class" value="Battery"/>
			<property name="slot_type" value="battery"/>
			<property name="mesh" value="battery"/>
			<property name="transform" value="battery"/>
		</property>

		<property class="engine">
			<property name="class" value="Engine"/>
			<property name="slot_type" value="engine"/>
			<property name="mesh" value="engine_small"/>
			<property name="transform" value="engine_small"/>
			<property name="particle_transform" value="engine_small/MinibikeParticles/p_engine_fire"/>
			<property name="fuelKmPerL" value=".4"/>
			<property name="foodDrain" value=".002,.0122"/><!-- driving/turbo, minibike -->
				<!-- this value is written to the _vehicleFood cvar and then added to the food/water drain of the player -->
			<property name="gear1" value="
								500,2500, -1400,800,0, 1500,9999,9999,
								Vehicles/Minibike/minibike_accel_OFF,
								,
								0, .5,  .45, .1,  -9, .1, .1, Vehicles/Minibike/minibike_idle_lp_,
								-.1, .1,  .65, .7,  0, 9, .1, Vehicles/Minibike/minibike_run_lp_
								"/>
			<property name="sound_start" value="Vehicles/Minibike/minibike_start_"/>
			<property name="sound_shut_off" value="Vehicles/Minibike/minibike_shutoff_"/>
			<property name="sound_no_fuel_shut_off" value="Vehicles/Minibike/minibike_empty_"/>
		</property>

		<property class="exhaust">
			<property name="class" value="Exhaust"/>
			<property name="particle_transform" value="engine_small/MinibikeParticles/p_engine"/>
		</property>

		<property class="chain">
			<property name="mesh" value="chain"/>
			<property name="transform" value="chain"/>
		</property>

		<property class="storage">
			<property name="class" value="Storage"/>
			<property name="display_name" value="basket"/>
			<property name="slot_type" value="basket"/>
			<property name="mesh" value="basket"/>
			<property name="transform" value="basket"/>
		</property>

		<property class="headlight">
			<property name="class" value="Headlight"/>
			<property name="transform" value="Origin/handlebar_joint/headlight"/>
			<property name="bright" value=".65"/>
		</property>

		<property class="fuelTank">
			<property name="class" value="FuelTank"/>
			<property name="capacity" value="80"/>
		</property>

	</vehicle>
	
	</append>
	
</configs>