﻿<?xml version="1.0" encoding="UTF-8"?>
<prefab>
  <property name="CopyAirBlocks" value="True" />
  <property name="AllowTopSoilDecorations" value="False" />
  <property name="Zoning" value="Industrial" />
  <property name="RotationToFaceNorth" value="2" />
  <property name="YOffset" value="-1" />
  <property name="AllowedTownships" value="rural,wilderness" />
  <property name="ExcludeDistantPOIMesh" value="False" />
  <property name="TraderArea" value="False" />
  <property name="SleeperVolumeSize" value="14, 10, 12" />
  <property name="SleeperVolumeStart" value="12, 0, 39" />
  <property name="SleeperVolumeGroup" value="SpiderPack_EasyMix,8,9" />
  <property name="SleeperVolumeGameStageAdjust" value="" />
  <property name="SleeperIsLootVolume" value="False" />
  <property name="DistantPOIYOffset" value="0" />
  <property name="EditorGroups" value="out buildings" />
  <property name="DifficultyTier" value="0" />
  <property name="SleeperIsBossVolume" value="False" />
  <property name="ExcludePOICulling" value="False" />
  <property name="SleeperVolumeGroupId" value="0" />
  <property name="SleeperVolumeFlags" value="0" />
  <property name="ShowQuestClearCount" value="1" />
  <property name="SleeperIsQuestExclude" value="False" />
  <property name="Tags" value="rural" />
  <property name="POIMarkerSize" value="6, 13, 3" />
  <property name="POIMarkerStart" value="38, 0, -3" />
  <property name="POIMarkerGroup" value="driveway" />
  <property name="POIMarkerTags" value="rural" />
  <property name="POIMarkerType" value="PartSpawn" />
  <property name="POIMarkerPartToSpawn" value="part_driveway_rural_01" />
  <property name="POIMarkerPartRotations" value="2" />
  <property name="POIMarkerPartSpawnChance" value="1" />
  <property name="PrefabSize" value="60, 11, 60" />
  <property class="Stats">
    <property name="TotalVertices" value="158098" />
    <property name="TotalTriangles" value="150350" />
    <property class="BlockEntities">
      <property name="Vertices" value="110491" />
      <property name="Triangles" value="115278" />
    </property>
    <property class="ChunkMeshes0">
      <property name="Vertices" value="37813" />
      <property name="Triangles" value="19500" />
    </property>
    <property class="ChunkMeshes1">
      <property name="Vertices" value="0" />
      <property name="Triangles" value="0" />
    </property>
    <property class="ChunkMeshes2">
      <property name="Vertices" value="0" />
      <property name="Triangles" value="0" />
    </property>
    <property class="ChunkMeshes3">
      <property name="Vertices" value="0" />
      <property name="Triangles" value="0" />
    </property>
    <property class="ChunkMeshes4">
      <property name="Vertices" value="888" />
      <property name="Triangles" value="686" />
    </property>
    <property class="ChunkMeshes5">
      <property name="Vertices" value="0" />
      <property name="Triangles" value="0" />
    </property>
    <property class="ChunkMeshes6">
      <property name="Vertices" value="0" />
      <property name="Triangles" value="0" />
    </property>
    <property class="ChunkMeshes7">
      <property name="Vertices" value="8886" />
      <property name="Triangles" value="14876" />
    </property>
    <property class="ChunkMeshes8">
      <property name="Vertices" value="0" />
      <property name="Triangles" value="0" />
    </property>
    <property class="ChunkMeshes9">
      <property name="Vertices" value="20" />
      <property name="Triangles" value="10" />
    </property>
  </property>
  <property class="IndexedBlockOffsets">
    <property class="POILight">
      <property name="0" value="14, 2, 46" />
      <property name="1" value="22, 3, 51" />
    </property>
    <property class="TraderOnOff">
      <property name="0" value="22, 1, 50" />
    </property>
  </property>
</prefab>