﻿<?xml version="1.0" encoding="UTF-8"?>
<prefab>
  <property name="CopyAirBlocks" value="True" />
  <property name="ExcludeDistantPOIMesh" value="False" />
  <property name="ExcludePOICulling" value="False" />
  <property name="DistantPOIYOffset" value="0" />
  <property name="AllowTopSoilDecorations" value="False" />
  <property name="DifficultyTier" value="0" />
  <property name="ShowQuestClearCount" value="1" />
  <property name="TraderArea" value="False" />
  <property name="RotationToFaceNorth" value="2" />
  <property name="EditorGroups" value="downtown, remnant" />
  <property name="Zoning" value="none" />
  <property name="YOffset" value="-2" />
  <property name="Tags" value="downtown" />
  <property name="SleeperVolumeSize" value="23, 13, 8#17, 13, 8#7, 16, 7" />
  <property name="SleeperVolumeStart" value="1, 2, 16#1, 2, 1#9, 2, 9" />
  <property name="SleeperVolumeGroupId" value="0,0,0" />
  <property name="SleeperVolumeGroup" value="SpiderPack_EasyMix,7,8,SpiderPack_Mini,5,6,SpiderPack_Feral,1,2" />
  <property name="SleeperIsLootVolume" value="False,False,False" />
  <property name="SleeperIsQuestExclude" value="False,False,False" />
  <property name="SleeperVolumeFlags" value="0,0,0" />
  <property name="PrefabSize" value="25, 22, 25" />
  <property class="Stats">
    <property name="TotalVertices" value="283953" />
    <property name="TotalTriangles" value="310296" />
    <property class="BlockEntities">
      <property name="Vertices" value="212334" />
      <property name="Triangles" value="264249" />
    </property>
    <property class="ChunkMeshes0">
      <property name="Vertices" value="66283" />
      <property name="Triangles" value="40281" />
    </property>
    <property class="ChunkMeshes1">
      <property name="Vertices" value="0" />
      <property name="Triangles" value="0" />
    </property>
    <property class="ChunkMeshes2">
      <property name="Vertices" value="184" />
      <property name="Triangles" value="92" />
    </property>
    <property class="ChunkMeshes3">
      <property name="Vertices" value="0" />
      <property name="Triangles" value="0" />
    </property>
    <property class="ChunkMeshes4">
      <property name="Vertices" value="3324" />
      <property name="Triangles" value="2490" />
    </property>
    <property class="ChunkMeshes5">
      <property name="Vertices" value="0" />
      <property name="Triangles" value="0" />
    </property>
    <property class="ChunkMeshes6">
      <property name="Vertices" value="0" />
      <property name="Triangles" value="0" />
    </property>
    <property class="ChunkMeshes7">
      <property name="Vertices" value="1828" />
      <property name="Triangles" value="3184" />
    </property>
    <property class="ChunkMeshes8">
      <property name="Vertices" value="0" />
      <property name="Triangles" value="0" />
    </property>
    <property class="ChunkMeshes9">
      <property name="Vertices" value="0" />
      <property name="Triangles" value="0" />
    </property>
  </property>
  <property class="IndexedBlockOffsets">
    <property class="POILight">
      <property name="0" value="12, 5, 12" />
      <property name="1" value="15, 4, 12" />
      <property name="2" value="12, 10, 15" />
    </property>
  </property>
</prefab>