﻿<?xml version="1.0" encoding="UTF-8"?>
<prefab>
  <property name="Zoning" value="ResidentialOld" />
  <property name="AllowedTownships" value="city,town,rural,wilderness" />
  <property name="CopyAirBlocks" value="True" />
  <property name="ExcludeDistantPOIMesh" value="False" />
  <property name="ExcludePOICulling" value="False" />
  <property name="DistantPOIYOffset" value="0" />
  <property name="AllowTopSoilDecorations" value="False" />
  <property name="DifficultyTier" value="0" />
  <property name="TraderArea" value="False" />
  <property name="RotationToFaceNorth" value="2" />
  <property name="YOffset" value="-1" />
  <property name="EditorGroups" value="house old, remnant" />
  <property name="SleeperVolumeSize" value="16, 15, 22" />
  <property name="SleeperVolumeStart" value="16, 0, 8" />
  <property name="SleeperVolumeGroupId" value="0" />
  <property name="SleeperVolumeGroup" value="SpiderPack_Mini,6,16" />
  <property name="SleeperIsLootVolume" value="False" />
  <property name="SleeperIsBossVolume" value="False" />
  <property name="SleeperVolumeFlags" value="0" />
  <property name="ShowQuestClearCount" value="1" />
  <property name="SleeperIsQuestExclude" value="False" />
  <property name="Tags" value="residential,countryresidential" />
  <property name="POIMarkerSize" value="4, 13, 1#6, 13, 5" />
  <property name="POIMarkerStart" value="6, 0, -1#5, 0, -5" />
  <property name="POIMarkerGroup" value="driveway,driveway2" />
  <property name="POIMarkerTags" value="countryresidential#residential" />
  <property name="POIMarkerType" value="PartSpawn,PartSpawn" />
  <property name="POIMarkerPartToSpawn" value="part_driveway_countryresidential_01,part_driveway_residential_01" />
  <property name="POIMarkerPartRotations" value="2,2" />
  <property name="POIMarkerPartSpawnChance" value="1,1" />
  <property name="PrefabSize" value="42, 12, 42" />
  <property class="Stats">
    <property name="TotalVertices" value="235377" />
    <property name="TotalTriangles" value="256641" />
    <property class="BlockEntities">
      <property name="Vertices" value="186700" />
      <property name="Triangles" value="223042" />
    </property>
    <property class="ChunkMeshes0">
      <property name="Vertices" value="42103" />
      <property name="Triangles" value="24445" />
    </property>
    <property class="ChunkMeshes1">
      <property name="Vertices" value="0" />
      <property name="Triangles" value="0" />
    </property>
    <property class="ChunkMeshes2">
      <property name="Vertices" value="336" />
      <property name="Triangles" value="168" />
    </property>
    <property class="ChunkMeshes3">
      <property name="Vertices" value="0" />
      <property name="Triangles" value="0" />
    </property>
    <property class="ChunkMeshes4">
      <property name="Vertices" value="1108" />
      <property name="Triangles" value="830" />
    </property>
    <property class="ChunkMeshes5">
      <property name="Vertices" value="0" />
      <property name="Triangles" value="0" />
    </property>
    <property class="ChunkMeshes6">
      <property name="Vertices" value="0" />
      <property name="Triangles" value="0" />
    </property>
    <property class="ChunkMeshes7">
      <property name="Vertices" value="5130" />
      <property name="Triangles" value="8156" />
    </property>
    <property class="ChunkMeshes8">
      <property name="Vertices" value="0" />
      <property name="Triangles" value="0" />
    </property>
    <property class="ChunkMeshes9">
      <property name="Vertices" value="0" />
      <property name="Triangles" value="0" />
    </property>
  </property>
  <property class="IndexedBlockOffsets">
    <property class="POILight">
      <property name="0" value="30, 3, 28" />
    </property>
  </property>
</prefab>