<configs>

	<append xpath="/entity_classes">
		
		<!--  NPC and Dumb animals  -->	
		<entity_class name="npcAnimalWolf" extends="npcAnimalMeleeTemplate">
			<property name="Tags" value="entity,animal,npc,npcAnimalWolf,perkAT03,DRMid"/>
			<property name="Faction" value="whiteriver"/>
			<property name="MapIcon" value="ui_game_symbol_tracking_wolf"/>
			<property name="TrackerIcon" value="ui_game_symbol_tracking_wolf"/>
			<property name="LookAtAngle" value="0"/> 
			<property name="HasRagdoll" value="true"/>
			<property name="HasDeathAnim" value="true"/>
			<!--property name="RootMotion" value="false"/-->
			<property name="RootMotion" value="true"/>
			<property name="RagdollOnDeathChance" value=".5"/>			
			<property name="Faction" value="companionanimals"/>	
			<!--property name="PhysicsBody" value="ArcticFox"/-->
			<property name="PhysicsBody" value="wolf"/>
			<property name="IsEntityAnimal" value="true"/> 
			<property name="IsEnemyEntity" value="false"/> 			
			<property name="Mesh" value=""/>
			<property name="Prefab" value="/Entities/Animals/Wolf/animalStandardWolfRagdoll"/>			
			<property name="HandItem" value="meleeHandAnimalWolf"/>
            <property name="Names" value="Wolfie, Fangs, Bardalph" />			
			<!--property name="RightHandJointName" value="articfox_Head_bone" /-->
			<property name="ExperienceGain" value="300"/>
			<property name="DeadBodyHitPoints" value="200"/>
			<property name="SizeScale" value="1.1"/>
			<property name="Weight" value="5"/> <!-- Game weight for being moved  -->
			<property name="Mass" value="30"/> <!-- Ragdoll mass  -->
			<drop event="Harvest" name="foodRawMeat" count="0" tool_category="Butcher"/>
			<drop event="Harvest" name="foodRawMeat" tag="butcherHarvest" count="10"/>
			<drop event="Harvest" name="resourceLeather" tag="butcherHarvest" count="5"/>
			<drop event="Harvest" name="resourceAnimalFat" tag="butcherHarvest" count="2"/>
			<drop event="Harvest" name="resourceBone" tag="butcherHarvest" count="8"/>
			<drop event="Harvest" name="resourceBone" tag="allToolsHarvest" count="3"/>
			<drop event="Harvest" name="foodRawMeat" count="1" tag="WasteTreasuresCompleteHarvest"/>
			<drop event="Harvest" name="resourceLeather" count="1" tag="WasteTreasuresCompleteHarvest"/>
			<drop event="Harvest" name="resourceBone" count="1" tag="WasteTreasuresCompleteHarvest"/>
			<property class="Boundary" >
                <property name="BoundaryBox" value=".2,.3,1.1" />
                <property name="Center" value="0,.15,0"/>
            </property>
			<property name="MoveSpeed" value="0.1"/> 
			<property name="MoveSpeedAggro" value="1.0, 1.0"/> 
			<property name="MoveSpeedPanic" value="1.0"/>
			<property name="MoveSpeedRand" value="-.05, .05"/> 
			<effect_group>
				<passive_effect name="WalkSpeed" operation="base_set" value=".5"/>
				<passive_effect name="RunSpeed" operation="base_set" value="1.1"/><!-- Default 1.0 -->
				<passive_effect name="HealthChangeOT" operation="base_set" value="0.1"/>  <!-- heal x point of (red) health / minute -->
				<passive_effect name="DamageModifier" operation="perc_set" value="1"/>
				<passive_effect name="DamageModifier" operation="perc_add" value="1" tags="head"/>
				<passive_effect name="DismemberChance" operation="base_set" value=".05"/> 
				<passive_effect name="WaterMax" operation="base_set" value="100"/> 
				<passive_effect name="CrouchSpeed" operation="base_set" value=".3"/> 
				<passive_effect name="WalkSpeed" operation="base_set" value="0.35" tags="swimming"/>
				<passive_effect name="RunSpeed" operation="base_set" value="0.35" tags="swimming"/>
				<passive_effect name="Mobility" operation="base_set" value="1"/> 
				<passive_effect name="JumpStrength" operation="base_set" value="0.16"/> 
			</effect_group>
		</entity_class>
		
		<entity_class name="npcAnimalWolfMini" extends="npcAnimalMeleeTemplate">
			<property name="Tags" value="entity,animal,npc,npcAnimalWolfMini,perkAT03,DRMid"/>
			<property name="Faction" value="whiteriver"/>
			<property name="MapIcon" value="ui_game_symbol_tracking_wolf"/>
			<property name="TrackerIcon" value="ui_game_symbol_tracking_wolf"/>
			<property name="LookAtAngle" value="0"/> 
			<property name="HasRagdoll" value="true"/>
			<property name="HasDeathAnim" value="true"/>
			<!--property name="RootMotion" value="false"/-->
			<property name="RootMotion" value="true"/>
			<property name="RagdollOnDeathChance" value=".5"/>			
			<property name="Faction" value="companionanimals"/>	
			<!--property name="PhysicsBody" value="ArcticFox"/-->
			<property name="PhysicsBody" value="wolf"/>
			<property name="IsEntityAnimal" value="true"/> 
			<property name="IsEnemyEntity" value="false"/> 			
			<property name="Mesh" value=""/>
			<property name="Prefab" value="/Entities/Animals/Wolf/animalStandardWolfRagdoll"/>			
			<property name="HandItem" value="meleeHandAnimalWolf"/>
            <property name="Names" value="Littlest Hobo" />			
			<!--property name="RightHandJointName" value="articfox_Head_bone" /-->
			<property name="ExperienceGain" value="300"/>
			<property name="DeadBodyHitPoints" value="200"/>
			<property name="SizeScale" value="0.6"/>
			<property name="Weight" value="5"/> <!-- Game weight for being moved  -->
			<property name="Mass" value="30"/> <!-- Ragdoll mass  -->
			<drop event="Harvest" name="foodRawMeat" count="0" tool_category="Butcher"/>
			<drop event="Harvest" name="foodRawMeat" tag="butcherHarvest" count="10"/>
			<drop event="Harvest" name="resourceLeather" tag="butcherHarvest" count="5"/>
			<drop event="Harvest" name="resourceAnimalFat" tag="butcherHarvest" count="2"/>
			<drop event="Harvest" name="resourceBone" tag="butcherHarvest" count="8"/>
			<drop event="Harvest" name="resourceBone" tag="allToolsHarvest" count="3"/>
			<drop event="Harvest" name="foodRawMeat" count="1" tag="WasteTreasuresCompleteHarvest"/>
			<drop event="Harvest" name="resourceLeather" count="1" tag="WasteTreasuresCompleteHarvest"/>
			<drop event="Harvest" name="resourceBone" count="1" tag="WasteTreasuresCompleteHarvest"/>
			<property class="Boundary" >
                <property name="BoundaryBox" value=".2,.3,1.1" />
                <property name="Center" value="0,.15,0"/>
            </property>
			<property name="MoveSpeed" value="0.1"/> 
			<property name="MoveSpeedAggro" value="1.0, 1.0"/> 
			<property name="MoveSpeedPanic" value="1.0"/>
			<property name="MoveSpeedRand" value="-.05, .05"/> 
			<effect_group>
				<passive_effect name="WalkSpeed" operation="base_set" value=".5"/>
				<passive_effect name="RunSpeed" operation="base_set" value="1.1"/><!-- Default 1.0 -->
				<passive_effect name="HealthChangeOT" operation="base_set" value="0.1"/>  <!-- heal x point of (red) health / minute -->
				<passive_effect name="DamageModifier" operation="perc_set" value="1"/>
				<passive_effect name="DamageModifier" operation="perc_add" value="1" tags="head"/>
				<passive_effect name="DismemberChance" operation="base_set" value=".05"/> 
				<passive_effect name="WaterMax" operation="base_set" value="100"/> 
				<passive_effect name="CrouchSpeed" operation="base_set" value=".3"/> 
				<passive_effect name="WalkSpeed" operation="base_set" value="0.35" tags="swimming"/>
				<passive_effect name="RunSpeed" operation="base_set" value="0.35" tags="swimming"/>
				<passive_effect name="Mobility" operation="base_set" value="1"/> 
				<passive_effect name="JumpStrength" operation="base_set" value="0.16"/> 
			</effect_group>
		</entity_class>
		
    </append>			
	
</configs>